4.899438|2.202689
4.783313|2.095486
4.899438|2.308373
4.783313|2.228909
7.407188|3.352756
7.407188|3.456174
7.871562|3.486254
5.108375|2.245586
7.871562|3.638793
6.733812|2.742890
5.108375|2.244280
5.247687|2.229289
6.733812|2.895325
6.733812|2.751858
5.247687|2.330859
4.876188|1.981661
6.733812|2.920940
7.267875|3.083356
4.876188|2.067080
4.318937|1.754488
7.267875|3.191223
4.527875|1.959485
4.318937|1.922800
6.780250|2.845155
4.527875|2.011077
4.481438|1.916863
6.780250|2.967028
6.733812|2.722224
4.481438|1.935620
6.199750|2.606246
6.733812|2.923271
6.664125|2.783793
6.199750|2.810023
8.034125|3.494154
6.664125|2.833703
6.199750|2.710505
8.034125|3.844469
6.640937|2.822441
6.199750|2.833392
6.013937|2.578561
6.640937|2.913071
6.362250|2.669885
6.013937|2.695719
7.616125|3.148992
6.362250|2.802797
4.945875|2.097961
3.877750|1.644842
7.616125|3.264761
7.128500|2.800593
4.945875|2.202562
4.260875|1.757961
3.877750|1.723288
5.061937|2.025560
7.128500|2.867352
4.260875|1.763657
9.949750|3.927879
5.061937|2.092877
5.526375|2.299878
5.270937|2.110439
9.949750|3.980078
5.526375|2.359915
9.914938|3.988325
5.270937|2.218569
7.616125|3.077815
9.914938|4.124695
9.705937|3.905021
4.318937|1.862444
7.616125|3.249779
6.664125|2.750440
9.705937|4.004905
4.318937|1.954892
9.427312|3.991832
6.130063|2.463537
6.664125|2.859104
5.363812|2.178619
9.427312|4.275856
7.685812|3.087656
6.130063|2.539485
8.405625|3.434750
5.363812|2.232417
7.941250|3.126065
7.685812|3.242804
7.244625|2.888694
8.405625|3.556255
4.760063|1.911086
7.941250|3.178482
8.173438|3.354075
7.244625|2.938360
8.080562|3.281094
4.760063|2.008736
5.549563|2.237659
8.173438|3.489632
5.038750|2.134276
6.733812|2.743685
8.080562|3.432339
4.644000|1.898443
5.549563|2.386132
4.202813|1.784956
3.413312|1.386943
5.038750|2.210090
5.363812|2.223531
6.733812|2.901243
6.222937|2.541076
4.644000|1.938124
4.202813|1.768592
4.690437|2.014544
3.413312|1.472859
4.922625|2.144055
5.363812|2.259066
5.921062|2.438077
3.552625|1.392259
6.222937|2.511699
4.690437|2.064477
7.291062|3.021776
4.922625|2.187675
4.957438|1.990543
4.609187|1.829277
5.921062|2.653999
4.272500|1.731200
3.552625|1.576165
4.075125|1.665977
7.291062|3.163771
8.312750|3.348350
4.957438|2.083071
4.609187|1.914845
4.272500|1.798275
10.100687|4.116329
4.075125|1.695690
8.684250|3.552865
8.312750|3.498299
10.054250|4.216477
10.100687|4.271814
9.055813|3.851525
8.684250|3.716857
9.380875|3.782856
10.054250|4.439725
8.475312|3.697958
9.055813|4.068782
6.315812|2.705565
6.315812|2.664467
9.380875|3.912633
7.244625|3.040629
4.411812|1.827109
8.475312|3.922432
6.199750|2.565174
6.315812|2.782495
6.176500|2.518487
6.315812|2.727510
8.707500|3.433931
7.244625|3.128485
4.411812|1.877932
9.613062|3.956921
6.199750|2.613679
4.318937|1.771378
6.176500|2.602095
5.131625|2.203301
8.707500|3.502266
6.757000|2.874736
5.410250|2.340287
9.613062|4.139009
4.574312|1.971597
4.318937|1.780692
7.662562|3.420952
5.131625|2.296349
7.314312|3.091852
6.757000|3.051528
5.410250|2.480197
7.407188|3.176812
4.574312|2.074552
7.616125|3.087860
7.662562|3.627455
7.894812|3.466208
4.667187|2.005814
7.314312|3.171675
7.407188|3.325996
9.264750|4.147305
7.616125|3.241919
8.753937|3.646026
7.894812|3.653236
9.311188|4.010727
4.667187|2.103843
8.939687|3.564407
9.264750|4.429164
6.524813|2.738536
5.247687|2.308666
8.753937|3.821805
7.941250|3.231694
9.311188|4.384507
5.340562|2.158904
4.783313|2.007649
8.939687|3.768273
8.730688|3.590865
6.524813|2.876169
4.551125|1.876764
5.247687|2.424132
7.662562|3.196599
7.941250|3.351391
5.642437|2.336122
5.340562|2.180036
4.783313|2.115080
7.964437|3.172907
6.571250|2.689982
8.730688|3.744530
4.551125|1.924280
7.778688|3.289521
7.662562|3.393214
7.337500|3.075251
5.642437|2.465076
7.825125|3.365766
7.964437|3.429692
5.572813|2.426111
6.571250|2.828543
8.196625|3.473285
7.778688|3.338983
7.546500|3.179806
4.667187|1.946014
7.337500|3.186956
5.735313|2.532823
7.825125|3.461729
6.849875|2.838690
5.572813|2.520244
6.362250|2.939662
8.196625|3.780621
5.015500|2.218960
3.622313|1.510760
3.808063|1.574815
7.546500|3.404720
4.667187|2.037912
5.387000|2.222575
3.390125|1.428868
5.735313|2.654634
9.346063|3.644970
6.849875|2.938742
5.851438|2.304995
6.362250|2.744859
5.015500|2.339472
9.659500|3.816045
3.622313|1.527740
3.808063|1.658739
7.395562|2.867301
4.423375|1.715400
5.387000|2.424949
3.692000|1.594836
3.390125|1.458784
8.544937|3.580343
9.346063|3.610011
5.851438|2.296286
6.780250|2.836775
7.256250|3.207306
9.659500|4.187029
6.907938|2.755803
7.395562|2.891415
4.423375|1.772333
10.576688|4.295097
3.692000|1.618507
7.906375|3.118875
8.544937|3.724614
4.632375|1.869327
6.780250|3.005567
7.859938|3.224540
7.256250|3.155354
8.428812|3.393108
6.907938|2.888066
6.304188|2.488464
10.576688|4.352069
8.753937|3.509214
5.642437|2.226825
7.906375|3.233402
4.632375|1.933780
8.742313|3.410166
7.859938|3.245643
8.881625|3.533524
4.156375|1.722537
8.428812|3.478133
7.500063|3.024941
6.304188|2.643322
8.521750|3.385881
8.753937|3.582195
5.398625|2.220007
5.642437|2.319934
6.037187|2.498470
8.742313|3.481445
4.771687|2.029691
7.209812|2.968617
8.881625|3.670168
4.156375|1.750484
6.269375|2.491839
7.500063|3.130507
7.128500|2.999054
7.418750|2.985081
8.521750|3.534723
5.398625|2.282442
8.417250|3.393367
6.037187|2.643499
5.166437|2.241817
4.771687|2.059942
8.301125|3.310164
7.209812|3.051771
7.360750|3.013231
6.269375|2.544630
6.803438|2.806308
7.128500|3.155072
8.417250|3.398569
7.418750|3.035045
6.722188|2.727747
8.417250|3.502016
5.897875|2.427765
5.166437|2.408244
6.966000|2.876488
8.301125|3.651609
8.092125|3.325977
7.360750|3.242384
5.050313|2.111327
3.575875|1.597042
6.803438|2.999957
6.211313|2.562757
5.688875|2.295699
8.417250|3.517666
4.922625|2.026249
6.722188|2.783248
7.627750|3.099946
5.897875|2.477470
6.966000|2.856085
7.825125|3.106930
4.620750|1.860806
8.092125|3.393705
6.002375|2.425775
5.050313|2.128956
3.575875|1.537469
7.941250|3.239441
6.211313|2.721514
5.619250|2.316312
5.688875|2.389367
6.664125|2.683547
4.922625|2.062108
5.166437|2.082569
7.627750|3.135643
8.022500|3.161529
7.825125|3.199535
7.082063|2.827332
4.620750|1.901829
6.431938|2.680054
6.002375|2.498399
7.383938|3.048821
7.941250|3.294703
8.498500|3.420968
5.619250|2.392368
7.453625|2.983073
6.664125|2.785702
5.166437|2.186295
11.006250|4.458040
8.022500|3.310829
6.339062|2.571987
7.082063|2.934788
7.627750|2.980685
6.431938|2.699277
4.945875|2.008081
6.606063|2.593332
7.383938|3.024688
8.498500|3.504485
9.160250|3.720088
4.539500|1.843628
7.453625|3.056947
8.521750|3.313572
4.934250|1.986148
11.006250|4.567142
6.339062|2.666669
8.695875|3.462282
6.350688|2.566661
7.627750|3.156522
4.945875|2.061462
7.325875|3.183906
6.606063|2.677115
5.897875|2.430241
4.760063|2.012818
9.160250|3.767930
5.050313|2.120418
4.539500|1.919338
7.058875|3.061326
8.521750|3.419030
7.790312|3.202992
4.934250|2.079725
8.637813|3.426067
8.695875|3.510962
5.700500|2.304934
6.350688|2.567999
5.572813|2.239811
7.325875|3.308839
7.035625|2.811631
5.897875|2.571020
4.098312|1.768231
4.760063|2.074831
7.592937|3.182473
5.050313|2.201401
7.430375|3.022827
7.058875|3.189093
7.546500|3.127353
7.790312|3.210811
3.692000|1.540597
5.201250|2.029090
8.637813|3.565031
5.700500|2.335875
8.568188|3.313867
5.572813|2.325303
8.092125|3.239531
7.035625|2.825491
5.526375|2.252267
4.098312|1.816028
6.826688|2.869060
7.592937|3.294551
7.430375|3.102123
7.430375|3.240240
6.501563|2.711725
5.874625|2.455289
7.546500|3.358451
3.692000|1.585117
6.362250|2.706820
5.201250|2.061661
7.012437|2.887295
8.568188|3.467539
7.871562|3.330646
8.092125|3.434946
5.967500|2.496012
5.526375|2.294022
7.500063|3.203982
6.826688|2.971735
4.040250|1.681380
5.874625|2.492410
7.430375|3.251349
6.919562|2.772242
6.501563|2.705692
5.781750|2.459398
5.874625|2.497013
4.644000|1.949623
6.362250|2.796194
7.291062|2.957744
7.012437|3.102049
7.871562|3.198116
7.871562|3.477713
5.967500|2.480726
7.500063|3.216429
4.040250|1.687420
5.874625|2.525740
6.919562|2.807423
5.781750|2.546685
4.644000|1.991094
7.291062|2.883313
7.871562|3.277955
4.899438|2.262751
4.783313|1.921109
7.407188|3.054426
4.899438|2.078265
4.783313|1.949524
7.407188|2.945808
4.899438|2.088313
4.783313|1.999977
7.871562|3.269920
5.108375|2.007414
7.407188|3.036199
6.733812|2.620825
7.871562|3.207739
5.247687|2.161877
5.108375|2.209640
6.733812|2.780108
6.733812|2.758760
4.876188|1.930921
5.247687|2.161814
7.267875|2.995281
6.733812|2.704524
4.318937|1.737204
4.876188|1.972654
4.527875|1.852182
6.780250|2.833351
7.267875|3.167472
4.481438|1.939935
4.318937|1.861179
4.527875|1.848231
6.733812|2.752866
6.780250|2.751706
6.199750|2.419502
4.481438|1.856772
6.664125|2.668669
6.733812|2.635744
8.034125|3.313501
6.199750|2.488003
6.199750|2.529591
6.664125|2.704618
6.640937|2.594344
8.034125|3.319275
6.013937|2.398390
6.199750|2.547465
6.362250|2.490432
6.640937|2.728693
7.616125|2.985429
6.013937|2.474881
4.945875|1.942240
3.877750|1.517982
6.362250|2.565703
7.128500|2.700571
7.616125|3.047297
4.260875|1.683237
4.945875|2.012793
5.061937|2.033141
3.877750|1.589258
7.128500|2.849989
9.949750|3.909407
4.260875|1.761441
5.526375|2.202497
5.061937|2.107632
5.270937|2.028396
9.949750|3.827738
9.914938|3.841324
5.526375|2.272945
7.616125|2.954888
5.270937|2.038929
9.705937|3.750186
9.914938|3.842860
4.318937|1.721218
7.616125|2.961872
6.664125|2.602402
9.705937|3.795834
9.427312|3.750368
4.318937|1.819129
6.130063|2.366538
6.664125|2.676745
5.363812|2.146484
7.685812|2.953260
9.427312|3.879367
6.130063|2.394142
8.405625|3.275056
5.363812|2.154158
7.941250|3.084494
7.685812|3.036074
7.244625|2.729009
4.760063|1.843017
8.405625|3.378842
8.173438|3.257887
7.941250|3.185343
7.244625|2.894466
8.080562|3.244621
4.760063|1.888056
5.549563|2.194613
5.038750|2.011658
8.173438|3.306385
6.733812|2.667521
8.080562|3.250837
4.644000|1.785957
4.202813|1.671288
5.549563|2.303193
3.413312|1.372182
5.038750|2.063593
5.363812|2.114179
6.733812|2.766973
6.222937|2.415347
4.644000|1.813561
4.690437|1.914777
4.202813|1.704637
4.922625|2.008851
3.413312|1.371545
5.363812|2.127882
5.921062|2.369243
3.552625|1.450880
6.222937|2.463993
4.690437|1.990918
7.291062|2.918042
4.957438|1.900644
4.922625|2.063690
4.609187|1.796910
5.921062|2.461216
4.272500|1.687636
3.552625|1.434716
4.075125|1.570221
7.291062|2.943340
8.312750|3.210985
4.957438|1.961169
4.609187|1.821106
10.100687|3.987464
4.272500|1.716587
4.075125|1.578857
8.684250|3.431647
8.312750|3.276365
10.054250|4.042017
10.100687|4.049087
9.055813|3.674583
8.684250|3.485227
9.380875|3.661212
10.054250|4.151770
8.475312|3.399734
9.055813|3.813684
6.315812|2.535313
6.315812|2.492488
9.380875|3.736791
7.244625|2.861257
4.411812|1.747873
8.475312|3.619420
6.199750|2.540051
6.315812|2.631331
6.176500|2.425951
6.315812|2.470801
7.244625|2.916089
8.707500|3.376933
4.411812|1.845474
9.613062|3.731351
6.199750|2.492147
4.318937|1.710749
6.176500|2.504092
5.131625|2.041772
8.707500|3.378373
6.757000|2.720043
5.410250|2.193859
9.613062|3.862906
4.574312|1.855508
4.318937|1.719980
7.662562|3.159950
5.131625|2.113221
7.314312|2.884159
6.757000|2.805276
5.410250|2.248915
7.407188|2.982942
4.574312|1.895723
7.616125|2.965904
7.662562|3.307560
7.894812|3.207799
7.314312|2.950349
4.667187|1.859189
7.407188|3.062397
9.264750|3.792052
7.616125|3.062802
8.753937|3.535205
7.894812|3.347617
4.667187|1.923440
9.311188|3.805220
8.939687|3.394116
9.264750|3.905335
6.524813|2.609750
8.753937|3.583484
5.247687|2.119354
7.941250|3.045628
9.311188|3.901559
5.340562|2.120287
8.939687|3.457516
4.783313|1.931309
6.524813|2.635033
8.730688|3.417716
5.247687|2.233167
4.551125|1.794874
7.941250|3.110450
7.662562|3.023619
5.340562|2.137550
5.642437|2.245956
4.783313|1.985006
7.964437|3.071537
8.730688|3.510407
6.571250|2.681577
4.551125|1.844568
7.778688|3.102696
7.662562|3.107710
7.337500|2.973212
5.642437|2.296578
7.964437|3.129531
7.825125|3.226107
5.572813|2.300220
6.571250|2.676232
8.196625|3.228367
7.778688|3.196034
7.546500|3.068783
7.337500|3.049458
4.667187|1.893378
7.825125|3.297433
5.735313|2.339171
5.572813|2.399891
6.849875|2.772906
8.196625|3.396783
6.362250|2.511943
5.015500|2.058055
7.546500|3.163662
3.622313|1.507976
4.667187|1.940716
3.808063|1.535761
5.387000|2.132789
5.735313|2.430489
3.390125|1.352054
6.849875|2.806715
9.346063|3.694170
6.362250|2.582520
5.851438|2.310148
5.015500|2.102451
3.622313|1.505191
3.808063|1.563489
9.659500|3.935462
5.387000|2.213447
7.395562|2.857027
3.390125|1.393983
4.423375|1.759703
3.692000|1.482758
9.346063|3.663009
5.851438|2.269282
8.544937|3.382500
6.780250|2.652191
9.659500|3.810504
7.256250|2.799315
7.395562|2.800285
4.423375|1.715432
6.907938|2.685349
3.692000|1.548732
10.576688|4.176016
8.544937|3.471310
7.906375|3.096737
6.780250|2.747297
4.632375|1.831685
7.256250|2.892716
7.859938|3.106177
6.907938|2.722561
8.428812|3.323931
10.576688|4.191335
6.304188|2.451132
7.906375|3.124724
8.753937|3.501269
4.632375|1.852616
5.642437|2.189824
7.859938|3.149722
8.742313|3.338875
8.428812|3.346414
8.881625|3.411094
6.304188|2.505000
4.156375|1.639420
8.753937|3.484219
7.500063|2.934608
5.642437|2.219670
8.521750|3.312797
8.742313|3.353440
5.398625|2.115780
6.037187|2.356526
8.881625|3.504496
4.771687|1.970313
4.156375|1.668891
7.209812|2.857753
7.500063|2.901520
6.269375|2.447789
8.521750|3.355793
7.128500|2.842427
5.398625|2.138486
7.418750|2.912722
6.037187|2.415605
4.771687|1.941313
8.417250|3.299205
7.209812|2.885835
5.166437|2.129132
6.269375|2.439103
8.301125|3.319937
7.128500|2.926947
7.360750|2.841745
7.418750|2.906638
6.803438|2.663687
8.417250|3.305754
8.417250|3.243312
5.166437|2.159563
6.722188|2.621172
8.301125|3.158557
5.897875|2.322955
7.360750|2.955305
6.966000|2.763984
6.803438|2.725109
8.092125|3.218084
5.050313|1.959972
8.417250|3.356347
3.575875|1.455476
6.722188|2.644580
6.211313|2.470026
5.897875|2.347713
5.688875|2.232578
4.922625|1.969440
6.966000|2.825429
7.627750|3.113457
8.092125|3.249328
5.050313|1.953484
7.825125|3.118389
3.575875|1.507092
4.620750|1.949951
6.211313|2.585517
6.002375|2.478849
5.688875|2.284371
7.941250|3.228261
4.922625|1.953545
5.619250|2.272569
7.627750|3.059154
6.664125|2.641946
7.825125|3.168892
5.166437|2.028474
4.620750|1.830502
8.022500|3.099007
6.002375|2.391013
7.082063|2.739102
7.941250|3.194112
6.431938|2.552219
5.619250|2.277220
7.383938|2.937249
6.664125|2.647343
5.166437|2.032957
8.498500|3.298624
8.022500|3.135334
7.453625|2.955972
7.082063|2.757859
11.006250|4.356865
6.431938|2.570371
6.339062|2.553823
7.383938|3.026934
7.627750|2.955170
8.498500|3.377574
4.945875|1.954293
7.453625|2.965690
6.606063|2.565906
9.160250|3.525400
11.006250|4.339602
4.539500|1.812839
6.339062|2.521074
8.521750|3.325324
7.627750|2.979108
4.934250|1.958101
4.945875|1.939049
6.606063|2.573312
8.695875|3.421110
6.350688|2.534811
9.160250|3.557657
4.539500|1.815121
7.325875|2.961682
5.897875|2.352132
8.521750|3.352835
4.760063|1.935763
4.934250|2.028618
5.050313|2.008172
8.695875|3.388662
7.058875|2.841843
6.350688|2.568401
7.790312|3.103683
7.325875|3.073844
8.637813|3.451160
5.897875|2.413787
5.700500|2.327448
4.760063|1.986644
5.572813|2.216238
5.050313|2.037514
7.035625|2.786910
7.058875|2.913176
4.098312|1.692832
7.790312|3.111581
7.592937|2.984193
8.637813|3.387597
7.430375|2.916846
5.700500|2.284513
7.546500|3.044687
5.572813|2.240426
3.692000|1.474516
5.201250|2.023220
7.035625|2.800655
4.098312|1.695382
8.568188|3.382584
7.592937|3.028651
8.092125|3.258284
7.430375|3.191627
5.526375|2.640601
7.546500|3.363981
6.826688|3.236230
3.692000|1.689941
5.201250|2.204008
7.430375|3.211758
6.501563|2.789819
8.568188|3.612024
5.874625|2.767232
8.092125|3.564545
6.362250|2.734413
5.526375|2.316177
7.012437|2.887413
6.826688|2.944640
7.871562|3.207613
7.430375|2.995425
5.967500|2.367262
6.501563|2.576228
7.500063|2.958708
5.874625|2.372046
4.040250|1.626845
6.362250|2.589030
5.874625|2.370270
7.012437|2.808978
6.919562|2.739673
7.871562|3.216964
5.781750|2.306095
4.644000|1.879865
5.967500|2.430626
7.291062|2.817032
7.500063|3.077125
4.040250|1.656386
7.871562|3.099325
5.874625|2.374774
6.919562|2.692394
5.781750|2.331241
4.644000|1.847621
7.291062|2.776036
7.871562|3.038383
4.899438|2.342592
4.783313|2.049441
4.899438|2.076645
7.407188|3.342117
4.783313|2.242223
7.871562|3.616826
7.407188|3.058165
5.108375|2.423412
7.871562|3.507953
6.733812|3.110778
5.108375|2.362858
5.247687|2.431034
6.733812|2.779098
6.733812|2.892021
5.247687|2.201665
4.876188|2.040576
6.733812|2.725319
7.267875|3.192033
4.876188|1.969942
4.318937|1.903283
7.267875|3.077026
4.527875|2.002497
4.318937|1.737043
6.780250|2.976859
4.527875|1.942036
4.481438|1.923061
6.780250|2.811427
6.733812|2.828796
4.481438|1.904988
6.733812|2.690664
6.199750|2.822641
6.199750|2.555560
6.664125|2.806746
6.664125|2.784269
8.034125|3.825574
8.034125|3.473177
6.199750|2.811871
6.199750|2.709989
6.640937|2.882043
6.640937|2.824471
6.013937|2.692630
6.013937|2.626802
6.362250|2.781963
6.362250|2.647240
7.616125|3.239486
7.616125|3.162792
4.945875|2.214600
4.945875|2.102682
3.877750|1.723857
3.877750|1.660425
7.128500|2.861813
7.128500|2.780393
4.260875|1.777112
4.260875|1.778827
5.061937|2.095459
5.061937|2.013334
9.949750|3.993061
9.949750|3.923240
5.526375|2.408391
5.526375|2.300755
5.270937|2.198884
5.270937|2.121122
9.914938|4.110490
9.914938|3.981497
7.616125|3.218716
7.616125|3.062885
9.705937|4.037212
9.705937|3.926783
4.318937|1.980361
4.318937|1.862928
6.664125|2.845089
6.664125|2.756796
9.427312|4.281159
9.427312|3.998457
6.130063|2.562833
6.130063|2.473284
5.363812|2.237726
5.363812|2.184006
7.685812|3.116945
7.685812|3.225985
8.405625|3.408312
8.405625|3.522929
7.941250|3.137305
7.941250|3.171602
7.244625|2.869445
7.244625|2.924438
4.760063|1.917537
4.760063|2.025676
8.173438|3.358824
8.173438|3.460912
8.080562|3.282535
8.080562|3.457099
5.549563|2.257926
5.549563|2.356819
5.038750|2.085146
5.038750|2.178552
6.733812|2.719127
6.733812|2.917274
4.644000|1.903688
4.644000|1.955911
4.202813|1.728389
4.202813|1.801273
3.413312|1.398927
3.413312|1.452887
5.363812|2.248192
5.363812|2.270131
6.222937|2.557795
6.222937|2.587791
4.690437|2.190112
4.690437|2.279160
4.922625|2.271899
4.922625|2.311050
5.921062|2.668791
3.552625|1.591966
5.921062|3.020620
3.552625|1.799330
7.291062|3.463375
7.291062|3.620568
4.957438|2.296538
4.609187|2.091876
4.957438|2.368103
4.272500|1.955506
4.609187|2.147470
4.075125|1.712599
4.272500|1.896025
4.075125|1.753353
8.312750|3.481045
8.312750|3.631472
10.100687|4.251401
10.100687|4.504757
8.684250|3.649091
8.684250|3.793995
10.054250|4.327592
10.054250|4.655006
9.055813|4.147149
9.055813|4.418549
9.380875|4.230576
9.380875|4.460091
8.475312|4.284082
6.315812|3.158949
8.475312|4.596698
6.315812|3.095193
6.315812|3.273863
7.244625|3.531766
6.315812|3.194297
4.411812|2.143729
7.244625|3.658214
6.199750|3.010780
4.411812|2.202128
6.176500|2.957488
6.199750|2.986056
8.707500|3.897862
6.176500|2.873586
8.707500|4.110671
9.613062|4.644891
4.318937|1.998535
9.613062|4.735990
5.131625|2.527232
4.318937|2.056838
6.757000|3.333132
5.131625|2.636430
5.410250|2.726586
6.757000|3.573213
4.574312|2.275820
5.410250|2.880507
7.662562|3.961526
4.574312|2.404783
7.314312|3.624627
7.662562|4.239998
7.407188|3.718475
7.314312|3.649985
7.616125|3.561037
7.407188|3.759728
7.894812|3.943884
7.616125|3.729914
4.667187|2.297274
7.894812|4.170488
9.264750|4.739295
4.667187|2.393614
8.753937|4.182466
9.264750|5.034196
9.311188|4.478084
8.753937|4.351467
8.939687|4.051654
9.311188|4.941270
6.524813|3.185431
5.247687|2.673787
8.939687|4.373790
7.941250|3.808868
6.524813|3.364738
5.340562|2.479393
5.247687|2.824141
4.783313|2.405947
7.941250|3.931334
8.730688|4.205192
5.340562|2.527925
4.551125|2.179792
4.783313|2.459591
7.662562|3.781186
8.730688|4.346936
5.642437|2.682013
4.551125|2.278722
7.964437|3.687621
7.662562|3.972542
6.571250|3.140981
5.642437|2.848190
7.778688|3.733735
7.964437|3.873286
7.337500|3.495410
6.571250|3.247726
7.825125|3.891027
7.778688|3.912792
5.572813|2.805432
7.337500|3.704013
8.196625|4.069262
7.825125|4.039567
7.546500|3.683117
5.572813|2.695113
4.667187|2.219771
5.735313|2.829154
8.196625|4.069807
6.849875|3.304777
7.546500|3.970072
6.362250|3.032920
4.667187|2.305623
5.015500|2.465382
5.735313|2.991231
3.622313|1.734993
3.808063|1.782907
6.849875|3.296281
5.387000|2.543930
6.362250|3.084414
3.390125|1.629277
5.015500|2.737391
3.622313|1.764129
9.346063|4.265750
3.808063|1.897489
5.851438|2.577663
5.387000|2.750604
3.390125|1.610189
9.659500|4.354573
9.346063|4.104647
7.395562|3.261587
4.423375|1.949007
5.851438|2.661338
3.692000|1.867831
9.659500|4.461556
8.544937|4.023874
7.395562|3.412177
6.780250|3.308549
4.423375|2.070397
3.692000|1.858374
7.256250|3.483073
6.907938|3.213148
8.544937|4.401047
6.780250|3.440683
10.576688|5.074191
7.256250|3.762621
7.906375|3.683632
4.632375|2.177541
6.907938|3.387858
7.859938|3.868193
10.576688|5.140355
8.428812|3.958820
7.906375|3.634040
6.304188|2.779229
4.632375|2.233922
8.753937|4.005306
7.859938|3.797072
5.642437|2.750893
8.428812|4.198879
8.742313|4.006274
6.304188|3.057234
8.881625|4.091282
8.753937|4.101210
4.156375|1.948365
5.642437|2.641926
7.500063|3.463948
8.742313|3.924791
8.521750|3.848080
5.398625|2.556017
8.881625|4.174810
4.156375|2.098380
6.037187|2.903231
4.771687|2.353093
7.500063|3.678219
7.209812|3.443974
8.521750|4.142256
6.269375|2.922506
5.398625|2.661333
7.128500|3.482478
6.037187|3.064279
4.771687|2.380257
7.418750|3.599175
7.209812|3.465306
8.417250|3.823672
6.269375|2.891721
5.166437|2.527801
7.128500|3.571449
8.301125|3.708024
7.418750|3.633220
7.360750|3.527506
6.803438|3.284041
8.417250|4.158675
5.166437|2.669544
8.417250|3.969006
6.722188|3.091634
8.301125|4.125383
5.897875|2.790343
7.360750|3.658020
6.966000|3.219456
6.803438|3.307979
8.092125|3.722631
8.417250|4.007701
5.050313|2.321600
3.575875|1.725417
6.722188|3.233003
6.211313|2.984107
5.897875|2.887540
5.688875|2.707276
6.966000|3.361472
4.922625|2.339872
8.092125|3.863964
7.627750|3.501427
5.050313|2.406905
3.575875|1.706993
7.825125|3.536309
4.620750|2.096905
6.211313|3.090200
6.002375|2.752609
5.688875|2.752074
4.922625|2.387125
7.941250|3.770518
5.619250|2.697447
7.627750|3.716442
6.664125|3.079754
7.825125|3.642272
5.166437|2.380238
4.620750|2.148439
6.002375|2.807987
8.022500|3.632111
7.082063|3.216012
7.941250|3.777116
6.431938|3.036857
5.619250|2.711403
6.664125|3.167926
7.383938|3.507516
5.166437|2.549210
8.498500|4.046937
8.022500|3.925424
7.453625|3.510526
7.082063|3.471472
11.006250|5.225001
6.431938|3.143586
6.339062|2.908271
7.383938|3.473477
7.627750|3.371766
8.498500|3.935484
4.945875|2.208451
7.453625|3.461904
6.606063|2.994211
9.160250|4.234600
11.006250|5.283057
4.539500|2.131866
6.339062|3.170812
8.521750|3.924862
7.627750|3.739097
4.934250|2.380336
4.945875|2.398605
8.695875|4.050413
6.606063|3.115239
6.350688|2.994609
9.160250|4.411085
7.325875|3.713150
4.539500|2.233910
5.897875|2.805302
8.521750|4.014799
4.760063|2.357898
4.934250|2.375163
5.050313|2.416580
8.695875|4.006772
7.058875|3.459253
6.350688|2.928336
7.790312|3.636384
7.325875|3.793492
8.637813|3.940513
5.897875|2.939595
5.700500|2.647345
4.760063|2.369544
5.572813|2.558373
5.050313|2.507459
7.035625|3.254442
7.058875|3.620684
4.098312|1.957751
7.790312|3.630601
7.592937|3.551692
7.430375|3.416195
8.637813|4.004629
5.700500|2.624811
7.546500|3.554700
3.692000|1.674393
5.572813|2.560878
5.201250|2.323818
7.035625|3.235528
4.098312|2.044691
8.568188|3.808656
7.592937|3.769779
8.092125|3.740467
5.526375|2.528940
7.430375|3.669427
6.826688|3.373781
7.546500|3.802863
3.692000|1.832904
7.430375|3.623251
5.201250|2.345014
6.501563|2.980604
5.874625|2.751009
8.568188|3.969063
6.362250|3.045546
8.092125|3.863889
7.012437|3.330987
5.526375|2.616115
6.826688|3.415249
7.871562|3.893214
5.967500|2.887158
7.430375|3.778917
7.500063|3.665720
6.501563|3.128059
4.040250|1.907303
5.874625|2.852003
5.874625|2.935139
6.362250|3.275173
6.919562|3.247341
7.012437|3.605428
5.781750|2.864532
4.644000|2.240143
7.871562|3.979631
7.291062|3.390826
5.967500|2.981977
7.871562|3.654157
7.500063|3.812615
4.040250|2.048712
5.874625|2.986243
6.919562|3.408086
5.781750|2.971070
4.644000|2.372632
7.291062|3.453917
7.871562|3.984671
4.899438|2.496094
4.783313|2.300929
4.899438|2.355451
4.783313|2.139094
7.407188|3.474997
7.407188|3.506516
7.871562|3.687453
5.108375|2.356880
7.871562|3.564500
5.108375|2.261348
6.733812|3.074494
6.733812|2.981084
5.247687|2.461648
5.247687|2.349142
6.733812|2.999246
6.733812|3.008773
4.876188|2.264107
4.876188|2.239612
7.267875|3.436514
4.318937|1.969034
7.267875|3.379660
4.318937|1.923007
4.527875|2.082224
4.527875|2.094606
6.780250|3.176974
6.780250|3.208956
4.481438|2.156301
4.481438|2.142523
6.733812|3.127675
6.733812|3.173502
6.199750|2.910757
6.199750|2.833469
6.664125|3.198262
6.664125|3.142672
8.034125|3.907958
8.034125|3.833052
6.199750|2.928826
6.199750|2.975278
6.640937|3.219007
6.640937|3.078300
6.013937|2.933967
6.013937|2.876716
6.362250|3.044008
6.362250|2.955356
7.616125|3.604481
7.616125|3.513238
4.945875|2.370732
4.945875|2.284385
3.877750|1.848847
3.877750|1.812973
7.128500|3.401013
7.128500|3.234369
4.260875|2.087795
4.260875|1.999464
5.061937|2.442163
5.061937|2.384095
9.949750|4.532700
9.949750|4.585157
5.526375|2.678525
5.526375|2.611379
5.270937|2.430052
5.270937|2.384905
9.914938|4.502019
9.914938|4.478348
7.616125|3.443435
7.616125|3.431668
9.705937|4.374829
9.705937|4.306352
4.318937|2.066977
4.318937|1.962122
6.664125|3.104977
6.664125|3.051774
9.427312|4.527343
9.427312|4.391312
6.130063|2.778503
6.130063|2.677427
5.363812|2.503562
5.363812|2.489273
7.685812|3.552591
7.685812|3.500020
8.405625|3.907566
8.405625|3.776278
7.941250|3.626525
7.941250|3.574693
7.244625|3.252470
7.244625|3.064303
4.760063|2.123569
4.760063|2.099523
8.173438|3.662712
8.173438|3.722073
8.080562|3.690908
8.080562|3.680440
5.549563|2.524849
5.549563|2.610275
5.038750|2.321544
5.038750|2.333551
6.733812|2.968779
6.733812|3.064299
4.644000|2.038072
4.644000|2.039415
4.202813|1.909014
4.202813|1.923877
3.413312|1.528880
3.413312|1.524486
5.363812|2.516678
5.363812|2.499396
6.222937|2.842987
6.222937|2.846287
4.690437|2.143682
4.690437|2.222722
4.922625|2.335879
4.922625|2.390948
5.921062|2.815797
5.921062|2.845276
3.552625|1.697861
3.552625|1.652904
7.291062|3.288912
7.291062|3.349531
4.957438|2.178078
4.957438|2.244305
4.609187|2.040762
4.609187|2.118123
4.272500|1.940773
4.272500|1.942918
4.075125|1.784243
4.075125|1.777563
8.312750|3.633167
8.312750|3.785896
10.100687|4.503568
10.100687|4.599447
8.684250|3.852085
8.684250|3.974469
10.054250|4.583185
10.054250|4.707859
9.055813|4.181939
9.055813|4.366261
9.380875|4.133161
9.380875|4.251804
8.475312|3.948947
8.475312|4.150590
6.315812|2.876355
6.315812|3.012370
6.315812|2.892446
6.315812|2.968274
7.244625|3.387516
7.244625|3.423946
4.411812|2.062465
4.411812|2.142482
6.199750|3.059244
6.199750|2.984571
6.176500|2.835834
6.176500|2.901741
8.707500|3.851035
8.707500|3.879523
9.613062|4.265951
4.318937|1.937795
9.613062|4.414530
4.318937|2.009795
5.131625|2.437682
5.131625|2.495043
6.757000|3.177976
6.757000|3.245610
5.410250|2.554152
4.574312|2.186662
5.410250|2.632068
4.574312|2.141820
7.662562|3.667361
7.662562|3.844198
7.314312|3.360310
7.314312|3.423974
7.407188|3.427135
7.407188|3.578852
7.616125|3.464064
7.616125|3.558226
7.894812|3.695583
4.667187|2.125502
7.894812|3.832201
4.667187|2.252913
9.264750|4.387575
9.264750|4.493310
8.753937|4.009901
8.753937|4.135119
9.311188|4.384918
9.311188|4.482843
8.939687|3.939590
6.524813|2.976925
8.939687|4.011672
5.247687|2.493315
6.524813|3.004312
5.247687|2.598014
7.941250|3.504099
5.340562|2.408886
7.941250|3.589629
4.783313|2.195843
5.340562|2.504747
4.783313|2.253889
8.730688|3.985305
4.551125|2.059518
8.730688|4.067723
7.662562|3.464085
4.551125|2.079872
5.642437|2.549658
7.662562|3.554685
7.964437|3.557938
5.642437|2.633128
6.571250|3.065473
7.964437|3.539788
7.778688|3.540154
6.571250|3.022625
7.337500|3.395521
7.778688|3.625026
7.825125|3.678651
7.337500|3.509271
5.572813|2.689354
7.825125|3.775535
8.196625|3.709862
5.572813|2.681517
7.546500|3.511252
8.196625|3.915029
4.667187|2.128121
7.546500|3.567272
5.735313|2.790039
4.667187|2.189450
6.849875|3.140822
5.735313|2.818358
6.362250|3.000682
6.849875|3.236519
5.015500|2.324069
3.622313|1.805458
6.362250|3.014894
3.808063|1.803595
5.015500|2.483162
5.387000|2.504739
3.622313|1.744630
3.390125|1.620352
3.808063|1.865534
5.387000|2.583642
9.346063|4.368062
3.390125|1.633054
5.851438|2.744996
9.346063|4.363669
9.659500|4.519028
5.851438|2.613261
7.395562|3.391551
9.659500|4.540033
4.423375|2.042090
3.692000|1.697097
7.395562|3.249434
4.423375|2.001444
8.544937|3.883739
3.692000|1.811450
6.780250|3.028718
8.544937|3.975192
7.256250|3.184864
6.780250|3.150610
6.907938|3.068044
7.256250|3.306331
10.576688|4.790732
6.907938|3.162253
7.906375|3.503467
10.576688|4.793368
4.632375|2.099389
7.906375|3.593880
7.859938|3.530390
4.632375|2.139548
8.428812|3.856767
7.859938|3.650091
6.304188|2.898455
8.428812|4.070426
8.753937|4.247078
6.304188|3.005045
5.642437|2.571631
8.753937|4.081611
8.742313|3.948003
5.642437|2.594381
8.881625|3.979224
8.742313|3.882782
4.156375|1.866307
7.500063|3.320285
8.881625|4.008886
4.156375|1.893861
8.521750|3.801107
7.500063|3.450113
5.398625|2.483251
6.037187|2.770654
8.521750|3.926255
4.771687|2.278168
5.398625|2.494417
7.209812|3.357590
6.037187|2.822784
4.771687|2.244422
6.269375|2.783178
7.209812|3.303303
7.128500|3.267284
6.269375|2.863354
7.418750|3.423202
7.128500|3.460996
8.417250|3.886110
7.418750|3.446308
5.166437|2.503218
8.417250|3.921026
8.301125|3.912920
5.166437|2.521082
7.360750|3.345391
8.301125|3.731046
6.803438|3.124304
7.360750|3.382757
8.417250|3.774662
6.803438|3.137474
6.722188|3.015092
5.897875|2.643515
8.417250|3.822077
6.966000|3.141112
6.722188|3.016595
5.897875|2.673561
8.092125|3.716408
5.050313|2.242127
6.966000|3.160389
3.575875|1.640000
8.092125|3.758314
6.211313|2.869085
5.050313|2.315210
5.688875|2.566983
3.575875|1.684500
4.922625|2.263109
6.211313|2.920353
7.627750|3.680610
5.688875|2.661205
4.922625|2.222005
7.825125|3.570863
4.620750|2.163331
7.627750|3.502772
6.002375|2.877036
7.825125|3.704078
4.620750|2.141846
7.941250|3.805114
6.002375|2.827843
5.619250|2.643511
6.664125|3.055529
7.941250|3.782677
5.166437|2.356097
5.619250|2.636297
8.022500|3.665995
6.664125|3.113174
5.166437|2.387471
7.082063|3.194569
6.431938|2.961819
8.022500|3.657630
7.383938|3.454517
7.082063|3.264200
6.431938|3.014292
8.498500|3.856538
7.383938|3.509439
7.453625|3.448000
8.498500|3.848916
11.006250|4.985064
7.453625|3.381830
6.339062|2.874420
7.627750|3.321692
11.006250|4.933766
4.945875|2.227698
6.339062|2.898116
6.606063|2.938368
7.627750|3.429835
4.945875|2.204254
9.160250|4.088960
4.539500|2.070200
6.606063|2.973619
8.521750|3.884363
9.160250|4.242322
4.934250|2.312635
4.539500|2.146159
8.695875|3.945594
8.521750|3.801342
4.934250|2.315213
6.350688|2.989584
7.325875|3.460404
8.695875|4.025340
5.897875|2.709954
6.350688|2.969787
4.760063|2.199257
7.325875|3.451113
5.050313|2.289602
5.897875|2.747113
7.058875|3.299014
4.760063|2.266920
7.790312|3.612424
5.050313|2.390660
7.058875|3.323452
8.637813|3.913214
5.700500|2.578105
7.790312|3.546814
5.572813|2.513315
8.637813|3.902529
7.035625|3.350282
5.700500|2.657671
4.098312|1.974576
5.572813|2.589706
7.592937|3.454998
7.035625|3.177063
7.430375|3.352889
4.098312|1.931303
7.546500|3.477246
7.592937|3.467462
3.692000|1.724371
7.430375|3.475454
5.201250|2.375173
7.546500|3.627109
8.568188|3.847784
3.692000|1.735831
5.201250|2.325062
8.092125|3.647578
5.526375|2.549733
8.568188|4.010645
6.826688|3.184936
8.092125|3.729682
7.430375|3.215499
5.526375|2.320532
6.501563|2.596715
6.826688|2.955620
5.874625|2.651293
7.430375|3.508619
6.362250|2.858881
6.501563|2.786252
7.012437|2.887988
5.874625|2.674704
7.871562|3.571340
6.362250|2.872392
5.967500|2.533397
7.012437|2.902496
7.500063|3.280225
7.871562|3.610785
4.040250|1.722152
5.967500|2.626469
5.874625|2.618985
6.919562|2.914205
7.500063|3.276691
4.040250|1.684954
5.781750|2.408644
4.644000|1.882639
5.874625|2.440171
6.919562|2.803963
7.291062|2.912302
5.781750|2.491257
7.871562|3.216920
4.644000|1.944857
7.291062|2.857339
7.871562|3.169884
4.899438|2.412150
4.783313|2.091622
4.899438|2.134577
7.407188|3.357818
4.783313|2.069917
7.407188|3.153086
7.871562|3.554596
5.108375|2.288648
7.871562|3.361816
6.733812|2.992039
5.108375|2.188526
5.247687|2.351720
6.733812|2.794927
5.247687|2.251945
6.733812|2.980768
4.876188|2.086303
6.733812|2.801262
4.876188|2.006060
7.267875|3.276093
4.318937|1.957220
7.267875|3.139762
4.527875|2.036934
4.318937|1.779033
4.527875|1.983027
6.780250|3.055801
4.481438|1.989959
6.780250|2.912877
4.481438|1.992275
6.733812|2.954223
6.733812|2.805132
6.199750|2.884096
6.199750|2.618364
6.664125|2.903765
6.664125|2.845582
8.034125|3.944010
8.034125|3.529717
6.199750|2.918940
6.199750|2.786928
6.640937|3.028791
6.640937|2.944044
6.013937|2.778141
6.013937|2.634443
6.362250|2.883529
6.362250|2.738191
7.616125|3.344067
7.616125|3.245067
4.945875|2.297960
4.945875|2.167552
3.877750|1.770802
3.877750|1.697522
7.128500|2.915345
7.128500|2.867793
4.260875|1.830241
4.260875|1.832488
5.061937|2.145459
5.061937|2.070378
9.949750|4.132055
9.949750|4.051760
5.526375|2.678462
5.526375|2.607052
5.270937|2.260576
5.270937|2.183047
9.914938|4.267343
9.914938|4.412730
7.616125|3.108616
7.616125|3.269005
9.705937|3.908931
9.705937|4.022070
4.318937|1.889881
4.318937|2.001489
6.664125|2.851724
6.664125|2.939562
9.427312|4.239650
9.427312|4.672581
6.130063|2.822154
6.130063|2.883719
5.363812|2.460487
5.363812|2.401313
7.685812|3.442262
7.685812|3.612985
8.405625|3.660919
8.405625|3.710501
7.941250|3.327026
7.941250|3.436711
7.244625|3.225460
7.244625|3.231177
4.760063|1.995925
4.760063|2.207716
8.173438|3.598741
8.173438|3.645328
8.080562|3.507945
8.080562|3.567980
5.549563|2.323080
5.549563|2.553895
5.038750|2.289966
5.038750|2.439014
6.733812|3.055799
4.644000|1.961600
6.733812|3.120214
4.202813|1.819580
4.644000|2.070921
3.413312|1.451767
4.202813|1.887028
3.413312|1.529055
5.363812|2.430745
5.363812|2.385093
6.222937|2.664928
4.690437|1.992314
6.222937|2.537927
4.922625|2.210014
4.690437|2.186706
4.922625|2.293244
5.921062|2.561949
3.552625|1.485447
5.921062|2.826098
3.552625|1.651111
7.291062|3.215506
4.957438|2.189300
7.291062|3.494788
4.609187|2.120108
4.957438|2.398418
4.272500|1.894045
4.609187|2.073300
4.075125|1.757887
4.272500|1.951498
4.075125|1.674796
8.312750|3.492387
8.312750|3.556214
10.100687|4.080103
8.684250|3.594836
10.100687|4.355273
8.684250|4.020961
10.054250|4.562878
9.055813|3.975109
10.054250|4.540803
9.380875|3.765664
9.055813|4.063762
8.475312|3.714226
9.380875|3.878336
6.315812|2.686382
8.475312|3.936516
6.315812|2.650010
6.315812|2.783401
7.244625|2.992363
6.315812|2.720692
4.411812|1.855118
6.199750|2.557833
7.244625|3.127988
4.411812|1.869444
6.176500|2.538075
6.199750|2.615984
8.707500|3.425026
6.176500|2.602174
9.613062|3.912154
8.707500|3.514534
4.318937|1.775271
5.131625|2.166114
9.613062|4.117197
6.757000|2.878785
4.318937|1.788428
5.410250|2.324929
5.131625|2.282516
4.574312|1.971806
6.757000|3.057299
7.662562|3.370339
5.410250|2.470272
4.574312|2.054753
7.314312|3.077748
7.662562|3.581315
7.407188|3.161337
7.314312|3.321817
7.616125|3.322098
7.407188|3.539326
7.894812|3.636553
4.667187|2.166228
7.616125|3.509923
9.264750|4.205479
7.894812|3.706049
4.667187|2.176830
8.753937|3.840822
9.264750|4.773739
9.311188|4.201186
8.753937|4.007370
8.939687|3.783792
6.524813|2.814458
9.311188|4.416469
5.247687|2.308412
8.939687|3.722042
7.941250|3.211921
5.340562|2.129984
6.524813|2.901241
4.783313|2.024081
5.247687|2.419647
8.730688|3.602202
7.941250|3.367452
4.551125|1.871464
5.340562|2.179919
4.783313|2.110542
7.662562|3.218976
5.642437|2.291493
8.730688|3.770188
4.551125|1.940641
7.964437|3.183944
6.571250|2.675378
7.662562|3.399586
5.642437|2.439244
7.778688|3.308956
7.964437|3.460758
7.337500|3.052960
6.571250|2.805529
7.825125|3.315904
5.572813|2.392327
7.778688|3.345617
8.196625|3.443128
7.337500|3.145046
7.546500|3.170655
7.825125|3.432667
4.667187|1.946152
5.572813|2.350074
5.735313|2.502592
8.196625|3.557647
6.849875|2.805113
7.546500|3.353117
6.362250|2.613242
4.667187|2.057751
5.015500|2.181891
3.622313|1.534650
5.735313|2.653144
3.808063|1.582803
6.849875|2.907022
5.387000|2.231403
3.390125|1.424146
6.362250|2.729432
5.015500|2.354813
9.346063|3.650766
3.622313|1.550277
5.851438|2.299622
3.808063|1.648011
5.387000|2.412454
9.659500|3.814491
3.390125|1.444333
7.395562|2.835151
9.346063|3.597315
4.423375|1.732578
3.692000|1.592606
5.851438|2.341116
8.544937|3.585725
9.659500|3.934481
6.780250|2.856180
7.395562|2.896722
4.423375|1.755588
7.256250|2.996010
3.692000|1.633531
6.907938|2.773916
8.544937|3.773544
10.576688|4.337015
6.780250|2.932810
7.906375|3.162971
7.256250|3.176355
4.632375|1.874758
6.907938|2.882771
7.859938|3.184836
10.576688|4.304753
8.428812|3.370035
6.304188|2.479768
7.906375|3.240081
4.632375|1.940129
8.753937|3.498707
7.859938|3.220369
5.642437|2.217891
8.742313|3.374684
8.428812|3.432862
6.304188|2.625699
8.881625|3.522737
4.156375|1.717459
8.753937|3.599785
7.500063|3.010783
5.642437|2.353026
8.521750|3.381841
8.742313|3.441382
5.398625|2.211732
8.881625|3.653705
6.037187|2.466735
4.156375|1.756802
4.771687|2.002722
7.500063|3.124099
7.209812|2.974982
6.269375|2.475255
8.521750|3.546631
5.398625|2.247161
7.128500|2.989843
6.037187|2.652537
7.418750|2.993590
4.771687|2.016153
8.417250|3.384772
7.209812|3.057592
5.166437|2.224242
6.269375|2.563095
8.301125|3.317907
7.128500|3.123926
7.360750|2.989531
7.418750|3.017213
6.803438|2.825273
8.417250|3.462367
8.417250|3.369104
5.166437|2.290537
6.722188|2.706301
8.301125|3.692548
5.897875|2.408124
7.360750|3.134036
6.966000|2.777625
6.803438|2.899203
8.092125|3.270455
5.050313|2.078140
8.417250|3.526974
3.575875|1.541766
6.722188|2.791408
6.211313|2.568693
5.897875|2.496067
5.688875|2.320351
4.922625|2.134592
6.966000|3.015832
7.627750|3.464494
8.092125|3.730053
5.050313|2.131223
7.825125|3.177439
3.575875|1.578673
4.620750|1.926819
6.211313|2.735572
6.002375|2.417734
5.688875|2.429198
7.941250|3.257255
4.922625|2.056555
5.619250|2.298711
7.627750|3.160970
6.664125|2.695661
5.166437|2.104443
7.825125|3.193347
4.620750|1.878641
8.022500|3.182249
6.002375|2.480039
7.082063|2.814396
7.941250|3.306656
6.431938|2.674372
5.619250|2.410528
7.383938|3.043894
6.664125|2.797281
5.166437|2.142551
8.498500|3.401675
7.453625|2.967591
8.022500|3.307528
7.082063|2.960646
11.006250|4.437725
6.431938|2.708190
6.339062|2.587136
7.383938|3.015043
7.627750|2.991969
4.945875|1.980392
8.498500|3.518426
6.606063|2.605831
7.453625|3.038220
9.160250|3.686594
4.539500|1.806916
11.006250|4.747932
6.339062|2.683874
8.521750|3.338773
4.934250|2.010715
7.627750|3.160620
4.945875|2.042945
8.695875|3.479629
6.606063|2.666222
6.350688|2.578495
9.160250|3.749251
7.325875|3.156728
4.539500|1.920945
5.897875|2.417772
4.760063|2.021052
8.521750|3.481903
5.050313|2.104065
4.934250|2.048099
7.058875|3.055788
8.695875|3.509115
7.790312|3.198163
6.350688|2.599119
8.637813|3.448190
7.325875|3.319656
5.700500|2.313501
5.897875|2.588973
5.572813|2.257178
4.760063|2.076497
7.035625|2.829472
5.050313|2.184708
4.098312|1.751556
7.058875|3.232522
7.592937|3.151330
7.790312|3.228815
7.430375|3.032939
8.637813|3.564545
7.546500|3.191124
5.700500|2.369498
3.692000|1.539154
5.201250|2.043168
5.572813|2.324309
7.035625|2.820176
8.568188|3.312569
4.098312|1.816613
8.092125|3.284128
7.592937|3.311746
5.526375|2.228187
7.430375|3.221070
6.826688|2.865803
7.546500|3.262286
7.430375|3.144474
3.692000|1.616917
6.501563|2.656478
5.201250|2.070208
5.874625|2.424574
8.568188|3.500341
6.362250|2.672757
8.092125|3.395896
7.012437|2.891105
5.526375|2.288002
7.871562|3.342215
6.826688|3.019526
5.967500|2.468379
7.430375|3.268800
7.500063|3.171404
4.040250|1.675530
6.501563|2.729645
5.874625|2.537906
5.874625|2.501295
6.919562|2.785985
6.362250|2.787197
5.781750|2.453856
7.012437|3.054926
4.644000|1.926709
7.871562|3.513960
7.291062|2.925879
5.967500|2.557310
7.871562|3.185376
7.500063|3.240742
4.040250|1.693752
5.874625|2.486357
6.919562|2.804335
5.781750|2.506013
4.644000|1.980045
7.291062|2.868212
7.871562|3.273949
4.899438|2.231199
4.783313|1.941445
4.899438|1.989995
4.783313|2.070850
7.407188|3.225998
7.407188|3.168759
7.871562|3.419376
5.108375|2.180239
7.871562|3.260483
5.108375|2.231128
6.733812|3.006787
5.247687|2.179730
6.733812|2.660750
5.247687|2.175418
6.733812|2.807914
4.876188|2.050248
6.733812|2.826667
4.876188|2.182962
7.267875|3.372542
4.318937|1.946717
7.267875|3.312580
4.527875|1.993391
4.318937|1.838799
4.527875|1.863161
6.780250|2.782807
4.481438|1.961169
6.780250|2.916036
4.481438|2.008466
6.733812|3.012109
6.733812|2.989688
6.199750|2.764291
6.199750|2.809321
6.664125|3.160645
6.664125|3.079857
8.034125|3.898617
8.034125|3.912671
6.199750|2.919960
6.199750|2.827483
6.640937|3.067713
6.640937|2.928439
6.013937|2.761622
6.013937|2.791487
6.362250|2.997379
6.362250|2.854650
7.616125|3.408755
7.616125|3.233788
4.945875|2.178566
3.877750|1.687777
4.945875|2.068854
3.877750|1.758405
7.128500|3.169084
7.128500|3.051635
4.260875|1.981549
4.260875|1.767177
5.061937|2.253298
5.061937|2.310683
9.949750|4.228755
9.949750|4.028125
5.526375|2.290495
5.526375|2.253390
5.270937|2.136231
5.270937|2.198839
9.914938|4.128112
9.914938|3.936105
7.616125|3.007938
7.616125|2.964137
9.705937|3.850051
9.705937|3.815626
4.318937|1.834921
4.318937|1.745227
6.664125|2.717514
6.664125|2.608318
9.427312|3.884792
9.427312|3.773083
6.130063|2.422392
6.130063|2.371571
5.363812|2.163764
5.363812|2.093735
7.685812|3.060959
7.685812|2.974531
8.405625|3.380790
8.405625|3.272281
7.941250|3.210350
7.941250|3.119574
7.244625|2.914982
7.244625|2.739905
4.760063|1.898909
4.760063|1.863225
8.173438|3.290756
8.173438|3.220380
8.080562|3.254191
8.080562|3.230772
5.549563|2.281492
5.549563|2.211335
5.038750|2.098753
5.038750|2.049486
6.733812|2.777709
6.733812|2.668075
4.644000|1.802440
4.644000|1.798755
4.202813|1.656453
4.202813|1.696870
3.413312|1.367011
3.413312|1.375867
5.363812|2.129560
5.363812|2.148402
6.222937|2.426184
6.222937|2.492231
4.690437|1.944007
4.690437|2.017568
4.922625|2.020709
4.922625|2.083854
5.921062|2.383930
5.921062|2.455917
3.552625|1.483674
3.552625|1.445128
7.291062|2.903960
7.291062|2.964095
4.957438|1.937914
4.957438|1.993672
4.609187|1.799587
4.609187|1.846380
4.272500|1.726723
4.272500|1.739072
4.075125|1.596532
4.075125|1.609263
8.312750|3.217936
8.312750|3.299637
10.100687|3.950826
10.100687|4.052168
8.684250|3.467364
8.684250|3.491598
10.054250|4.036563
10.054250|4.141942
9.055813|3.645279
9.055813|3.778356
9.380875|3.627669
9.380875|3.717774
8.475312|3.405769
8.475312|3.586456
6.315812|2.544799
6.315812|2.650707
6.315812|2.548604
6.315812|2.500029
7.244625|2.879525
7.244625|2.942995
4.411812|1.773153
4.411812|1.850290
6.199750|2.520778
6.199750|2.548145
6.176500|2.455626
6.176500|2.524624
8.707500|3.398620
8.707500|3.414563
9.613062|3.762048
9.613062|3.893792
4.318937|1.711352
4.318937|1.755605
5.131625|2.066471
5.131625|2.145359
6.757000|2.730520
6.757000|2.806026
5.410250|2.220121
5.410250|2.277445
4.574312|1.872776
4.574312|1.934194
7.662562|3.189532
7.662562|3.311006
7.314312|2.915161
7.314312|2.988238
7.407188|2.960206
7.407188|3.068761
7.616125|2.973659
7.616125|3.079414
7.894812|3.241431
4.667187|1.856941
7.894812|3.410798
4.667187|1.960101
9.264750|3.821682
9.264750|3.924805
8.753937|3.506618
8.753937|3.588551
9.311188|3.786743
9.311188|3.956452
8.939687|3.452773
6.524813|2.618205
8.939687|3.534254
5.247687|2.156091
6.524813|2.668151
7.941250|3.064540
5.247687|2.260609
5.340562|2.141471
7.941250|3.140891
4.783313|1.957419
5.340562|2.161825
4.783313|1.972449
8.730688|3.472370
4.551125|1.809031
8.730688|3.547898
7.662562|3.118527
4.551125|1.843923
5.642437|2.257945
7.662562|3.117737
7.964437|3.067744
5.642437|2.288632
6.571250|2.715688
7.964437|3.150848
7.778688|3.113345
6.571250|2.674933
7.337500|2.989702
7.778688|3.203143
7.825125|3.215679
7.337500|3.130406
5.572813|2.319377
7.825125|3.351699
8.196625|3.247711
5.572813|2.380501
7.546500|3.062992
8.196625|3.428169
4.667187|1.882749
7.546500|3.153768
5.735313|2.374176
4.667187|1.939906
6.849875|2.735555
5.735313|2.441084
6.362250|2.522230
6.849875|2.804739
5.015500|2.074075
3.622313|1.515885
6.362250|2.637837
3.808063|1.524216
5.015500|2.103632
5.387000|2.181675
3.622313|1.544441
3.390125|1.363647
3.808063|1.583885
5.387000|2.200251
9.346063|3.717155
3.390125|1.412441
5.851438|2.421826
9.346063|3.805298
9.659500|3.990980
5.851438|2.287315
7.395562|2.881923
9.659500|3.838258
4.423375|1.770218
3.692000|1.508541
7.395562|2.821620
4.423375|1.792860
8.544937|3.402762
3.692000|1.584915
6.780250|2.683997
8.544937|3.510106
7.256250|2.804302
6.780250|2.777844
6.907938|2.692654
7.256250|2.929263
10.576688|4.199922
6.907938|2.712384
7.906375|3.088329
10.576688|4.215792
4.632375|1.831349
7.906375|3.160748
7.859938|3.124644
4.632375|1.872659
8.428812|3.365752
7.859938|3.173652
6.304188|2.482485
8.428812|3.392840
8.753937|3.492839
6.304188|2.545638
5.642437|2.202072
8.753937|3.483148
8.742313|3.375301
5.642437|2.208782
8.881625|3.429273
4.156375|1.626586
8.742313|3.361194
7.500063|2.908053
8.881625|3.474937
4.156375|1.673937
8.521750|3.341084
7.500063|2.962137
5.398625|2.170263
6.037187|2.370401
8.521750|3.372532
4.771687|1.988275
5.398625|2.175871
7.209812|2.880721
6.037187|2.439999
6.269375|2.438173
4.771687|1.978977
7.128500|2.874083
7.209812|2.968963
6.269375|2.466655
7.418750|2.980422
7.128500|2.930600
8.417250|3.311508
5.166437|2.130464
7.418750|2.938806
8.301125|3.337765
8.417250|3.345784
5.166437|2.160994
7.360750|2.889922
8.301125|3.194838
6.803438|2.689165
7.360750|2.946153
8.417250|3.251681
6.803438|2.725694
6.722188|2.635397
5.897875|2.333714
8.417250|3.390274
6.966000|2.771381
6.722188|2.662073
5.897875|2.327078
8.092125|3.254784
5.050313|1.981996
6.966000|2.830917
3.575875|1.441455
8.092125|3.358753
6.211313|2.619119
5.050313|2.194381
5.688875|2.490687
3.575875|1.624226
4.922625|2.046289
6.211313|2.506250
7.627750|3.155662
5.688875|2.364184
4.922625|2.042361
7.825125|3.245041
4.620750|1.914907
7.627750|3.154830
6.002375|2.491519
7.825125|3.230715
7.941250|3.441777
4.620750|1.989155
5.619250|2.259330
6.002375|2.399728
6.664125|2.659607
7.941250|3.341045
5.166437|2.193041
5.619250|2.328223
8.022500|3.125267
6.664125|2.646404
5.166437|2.191856
7.082063|2.903673
6.431938|2.563030
8.022500|3.194344
7.383938|2.942503
7.082063|2.759375
6.431938|2.648129
8.498500|3.393537
7.383938|3.155996
7.453625|3.081934
8.498500|3.822332
11.006250|5.053919
7.453625|3.273377
6.339062|2.569443
7.627750|2.996313
11.006250|4.429563
4.945875|1.968602
6.339062|2.544561
6.606063|2.708674
7.627750|3.176888
4.945875|1.918587
9.160250|3.618208
4.539500|1.807978
6.606063|2.599393
8.521750|3.310676
9.160250|3.613957
4.934250|1.993380
4.539500|1.837512
8.695875|3.425950
8.521750|3.339866
6.350688|2.557381
4.934250|2.000148
7.325875|2.958839
8.695875|3.398604
5.897875|2.348950
6.350688|2.571423
4.760063|1.918904
5.050313|2.017238
7.325875|3.104651
5.897875|2.378628
7.058875|2.847771
4.760063|1.985697
7.790312|3.119064
5.050313|2.027674
7.058875|2.911804
8.637813|3.404721
5.700500|2.282338
7.790312|3.141172
5.572813|2.251642
8.637813|3.417012
7.035625|2.786691
5.700500|2.278233
4.098312|1.706701
5.572813|2.276244
7.592937|2.999017
7.035625|2.798755
7.430375|2.931891
4.098312|1.706483
7.546500|3.020723
7.592937|3.099961
3.692000|1.501702
5.201250|2.028925
7.430375|3.023732
7.546500|3.082028
8.568188|3.392143
3.692000|1.513331
8.092125|3.177277
5.201250|2.025454
5.526375|2.207302
8.568188|3.395711
6.826688|2.714825
8.092125|3.222723
7.430375|2.976544
5.526375|2.197929
6.501563|2.499228
6.826688|2.776311
5.874625|2.312998
7.430375|2.999625
6.362250|2.524226
6.501563|2.598890
7.012437|2.716958
5.874625|2.370161
7.871562|3.176610
6.362250|2.611328
5.967500|2.364218
7.012437|2.807547
7.500063|2.974543
4.040250|1.610170
7.871562|3.256301
5.874625|2.384975
5.967500|2.421354
6.919562|2.748989
7.500063|3.075914
5.781750|2.342541
4.040250|1.715772
4.644000|1.910604
5.874625|2.470157
7.291062|2.820528
6.919562|2.737333
5.781750|2.368944
7.871562|3.097690
4.644000|1.875541
7.291062|2.797667
7.871562|3.041263
4.899438|2.302416
4.783313|1.984960
4.899438|2.236045
7.407188|3.542140
4.783313|2.108268
7.871562|3.479330
7.407188|3.047566
5.108375|2.249236
7.871562|3.294049
6.733812|2.900105
5.108375|2.134849
5.247687|2.321227
6.733812|2.740436
6.733812|2.889253
5.247687|2.204991
4.876188|2.051617
6.733812|2.715647
7.267875|3.170379
4.876188|1.963947
4.318937|1.922752
7.267875|3.087441
4.527875|2.011632
4.318937|1.741595
6.780250|2.967623
4.527875|1.948810
4.481438|1.943676
6.780250|2.821972
6.733812|2.850631
4.481438|1.935352
6.199750|2.791861
6.733812|2.704610
6.199750|2.551323
6.664125|2.835554
6.664125|2.799085
8.034125|3.792247
8.034125|3.459372
6.199750|2.799457
6.199750|2.703196
6.640937|2.888570
6.640937|2.803438
6.013937|2.679943
6.013937|2.561488
6.362250|2.802305
6.362250|2.659756
7.616125|3.247895
7.616125|3.136778
4.945875|2.180047
4.945875|2.090126
3.877750|1.725777
3.877750|1.645171
7.128500|2.848603
7.128500|2.776301
4.260875|1.770061
4.260875|1.769992
5.061937|2.106739
5.061937|2.023152
9.949750|4.030737
9.949750|3.897086
5.526375|2.390587
5.526375|2.302084
5.270937|2.220627
5.270937|2.125300
9.914938|4.125017
9.914938|3.995667
7.616125|3.246366
7.616125|3.096801
9.705937|4.000535
9.705937|3.905478
4.318937|1.987358
4.318937|1.877497
6.664125|2.840694
6.664125|2.751772
9.427312|4.267607
9.427312|4.008010
6.130063|2.592027
6.130063|2.483005
5.363812|2.237203
5.363812|2.195468
7.685812|3.095293
7.685812|3.224597
8.405625|3.408083
8.405625|3.514183
7.941250|3.118358
7.941250|3.178830
7.244625|2.892001
7.244625|2.973634
4.760063|1.919514
4.760063|2.032342
8.173438|3.337244
8.173438|3.426096
8.080562|3.275141
8.080562|3.406500
5.549563|2.247234
5.549563|2.346491
5.038750|2.089520
5.038750|2.186707
6.733812|2.750936
6.733812|2.921119
4.644000|1.902901
4.644000|1.946020
4.202813|1.739658
4.202813|1.803917
3.413312|1.399722
3.413312|1.442159
5.363812|2.237014
5.363812|2.250468
6.222937|2.527755
6.222937|2.520344
4.690437|2.011199
4.690437|2.078578
4.922625|2.144224
4.922625|2.231557
5.921062|2.432331
3.552625|1.433034
5.921062|2.712797
3.552625|1.583449
7.291062|3.034571
7.291062|3.133678
4.957438|1.995749
4.609187|1.827140
4.957438|2.100219
4.272500|1.727621
4.609187|1.946977
4.075125|1.656549
4.272500|1.875920
4.075125|1.681087
8.312750|3.373599
8.312750|3.547437
10.100687|4.070916
10.100687|4.324104
8.684250|3.538068
8.684250|3.754596
10.054250|4.219226
10.054250|4.382745
9.055813|3.843345
9.055813|4.059075
9.380875|3.767082
9.380875|3.896663
8.475312|3.708295
6.315812|2.665778
8.475312|3.909438
6.315812|2.649058
6.315812|2.774463
7.244625|2.996002
6.315812|2.717648
4.411812|1.842356
7.244625|3.109994
6.199750|2.584319
4.411812|1.894078
6.176500|2.527800
6.199750|2.634074
8.707500|3.428874
6.176500|2.549415
9.613062|3.903543
8.707500|3.502005
4.318937|1.755820
5.131625|2.155511
9.613062|4.104978
4.318937|1.777227
6.757000|2.877671
5.131625|2.286635
5.410250|2.336869
4.574312|1.962383
6.757000|3.080328
5.410250|2.510137
7.662562|3.397945
4.574312|2.087422
7.314312|3.072790
7.662562|3.578479
7.407188|3.146949
7.314312|3.124793
7.616125|3.089397
7.407188|3.348897
7.894812|3.439774
4.667187|1.963304
7.616125|3.222822
7.894812|3.609337
9.264750|4.121620
4.667187|2.079003
8.753937|3.630777
9.264750|4.395596
9.311188|3.955955
8.753937|3.829812
8.939687|3.551062
6.524813|2.718912
9.311188|4.277447
5.247687|2.298308
8.939687|3.735268
7.941250|3.214743
6.524813|2.876724
5.340562|2.135420
5.247687|2.429313
4.783313|2.043222
7.941250|3.343424
8.730688|3.592049
5.340562|2.165094
4.551125|1.863586
4.783313|2.109108
7.662562|3.186404
5.642437|2.300043
8.730688|3.730024
4.551125|1.923365
7.964437|3.174283
7.662562|3.375295
6.571250|2.679056
5.642437|2.413323
7.778688|3.231204
7.964437|3.368172
7.337500|3.044776
6.571250|2.804775
7.825125|3.384819
7.778688|3.450076
5.572813|2.475786
7.337500|3.166691
8.196625|3.466625
7.825125|3.419644
7.546500|3.169539
5.572813|2.337839
4.667187|2.036749
5.735313|2.486015
8.196625|3.545436
6.849875|2.799515
7.546500|3.394110
6.362250|2.615272
4.667187|2.039963
5.015500|2.185460
5.735313|2.640044
3.622313|1.538573
3.808063|1.588928
6.849875|2.938822
5.387000|2.221805
3.390125|1.400907
6.362250|2.750376
5.015500|2.355978
9.346063|3.627389
3.622313|1.545676
3.808063|1.643101
5.851438|2.338117
5.387000|2.409685
3.390125|1.425092
9.659500|3.796242
7.395562|2.824623
9.346063|3.607884
4.423375|1.753251
5.851438|2.338243
3.692000|1.566706
9.659500|3.958176
8.544937|3.573132
6.780250|2.814129
7.395562|2.901196
4.423375|1.761959
7.256250|2.986015
3.692000|1.610547
6.907938|2.771154
8.544937|3.769227
10.576688|4.506040
6.780250|3.199216
7.906375|3.352143
7.256250|3.304489
4.632375|1.986603
6.907938|2.946145
7.859938|3.304898
10.576688|4.760433
8.428812|4.097859
7.906375|3.791950
6.304188|2.962773
4.632375|2.237964
8.753937|4.041319
7.859938|3.565992
5.642437|2.414636
8.428812|3.701872
8.742313|3.734529
6.304188|3.032681
8.881625|3.996673
8.753937|3.999459
4.156375|1.927083
5.642437|2.678960
7.500063|3.501504
8.742313|4.016127
8.521750|3.921295
5.398625|2.334365
8.881625|3.976404
4.156375|1.828263
6.037187|2.675602
4.771687|2.172938
7.500063|3.357138
7.209812|3.101584
8.521750|3.655092
6.269375|2.712939
5.398625|2.629770
7.128500|3.473998
6.037187|2.990621
4.771687|2.340568
7.418750|3.491928
7.209812|3.376467
8.417250|3.794090
6.269375|2.862991
5.166437|2.488338
7.128500|3.337799
8.301125|3.557535
7.418750|3.344708
7.360750|3.435286
6.803438|3.098439
8.417250|3.867021
5.166437|2.641277
8.417250|3.895535
8.301125|4.116310
6.722188|3.063605
5.897875|2.588117
7.360750|3.379922
6.966000|3.066172
6.803438|3.182618
8.092125|3.527401
8.417250|3.812948
5.050313|2.094833
3.575875|1.635321
6.722188|2.966401
6.211313|2.603988
5.897875|2.511877
5.688875|2.355808
6.966000|2.906855
4.922625|2.028114
8.092125|3.393732
7.627750|3.121864
5.050313|2.137626
3.575875|1.553285
7.825125|3.153367
4.620750|1.873130
6.211313|2.739058
6.002375|2.421573
5.688875|2.404336
4.922625|2.060784
7.941250|3.242801
5.619250|2.334454
7.627750|3.211058
6.664125|2.715125
7.825125|3.188774
5.166437|2.070845
4.620750|1.900913
6.002375|2.454259
8.022500|3.169364
7.082063|2.779926
7.941250|3.273890
5.619250|2.385593
6.431938|2.689840
6.664125|2.769146
7.383938|3.024596
5.166437|2.178517
8.498500|3.410411
8.022500|3.278522
7.453625|2.966300
7.082063|2.912536
6.431938|2.668262
11.006250|4.381206
6.339062|2.576342
7.383938|3.055358
7.627750|2.988411
8.498500|3.500556
4.945875|1.964135
7.453625|3.044437
6.606063|2.610587
9.160250|3.639137
11.006250|4.580595
4.539500|1.853579
6.339062|2.694416
8.521750|3.309356
7.627750|3.154945
4.934250|2.025334
4.945875|2.035911
8.695875|3.461754
6.606063|2.644807
6.350688|2.566525
9.160250|3.732500
7.325875|3.164244
4.539500|1.927263
5.897875|2.422677
8.521750|3.430220
4.760063|2.027389
4.934250|2.107548
5.050313|2.091748
8.695875|3.480442
7.058875|3.044878
6.350688|2.584876
7.790312|3.166202
7.325875|3.299676
8.637813|3.447684
5.897875|2.560373
5.700500|2.275668
4.760063|2.075284
5.572813|2.266703
5.050313|2.171948
7.035625|2.803565
7.058875|3.203896
4.098312|1.751702
7.790312|3.206798
7.592937|3.145391
7.430375|3.005386
8.637813|3.566871
5.700500|2.342949
7.546500|3.196626
3.692000|1.519522
5.572813|2.324618
5.201250|2.054783
7.035625|2.829424
4.098312|1.802289
8.568188|3.309004
7.592937|3.293477
8.092125|3.248527
5.526375|2.216101
7.430375|3.212975
6.826688|2.883252
7.546500|3.262924
3.692000|1.587926
7.430375|3.115938
5.201250|2.089571
6.501563|2.649160
8.568188|3.453940
5.874625|2.387314
6.362250|2.667922
8.092125|3.397828
7.012437|2.897269
5.526375|2.268318
6.826688|2.937010
7.871562|3.323975
5.967500|2.470629
7.430375|3.249144
6.501563|2.694414
7.500063|3.161828
4.040250|1.677777
5.874625|2.485560
5.874625|2.491785
6.362250|2.771073
6.919562|2.778142
7.012437|3.078731
5.781750|2.430662
4.644000|1.918622
7.871562|3.474305
7.291062|2.897563
5.967500|2.544232
7.871562|3.217160
7.500063|3.268313
4.040250|1.673105
5.874625|2.514520
6.919562|2.789022
5.781750|2.485288
4.644000|1.976582
7.291062|2.870597
7.871562|3.262679
4.899438|2.304852
4.783313|1.916468
4.899438|1.954749
4.783313|1.881719
7.407188|3.035021
7.407188|2.925212
7.871562|3.158021
5.108375|2.048397
7.871562|3.085032
5.108375|1.987974
6.733812|2.773470
6.733812|2.631362
5.247687|2.170096
5.247687|2.110049
6.733812|2.681263
4.876188|1.953343
6.733812|2.626940
4.876188|1.938242
7.267875|3.001494
4.318937|1.765895
7.267875|3.016971
4.527875|1.876214
4.318937|1.752260
4.527875|1.855464
6.780250|2.791290
4.481438|1.827673
6.780250|2.679865
4.481438|1.825189
6.733812|2.656591
6.733812|2.729932
6.199750|2.485063
6.199750|2.428247
6.664125|2.728676
6.664125|2.659499
8.034125|3.333326
8.034125|3.349805
6.199750|2.589014
6.199750|2.552667
6.640937|2.722041
6.640937|2.607582
6.013937|2.479304
6.013937|2.404440
6.362250|2.574013
6.362250|2.521631
7.616125|3.083872
7.616125|2.981581
4.945875|2.009715
4.945875|1.966876
3.877750|1.616108
3.877750|1.557614
7.128500|2.849137
7.128500|2.713855
4.260875|1.743342
4.260875|1.685759
5.061937|2.119020
5.061937|2.022638
9.949750|3.866603
9.949750|3.888195
5.526375|2.275893
5.526375|2.225600
5.270937|2.087498
5.270937|2.023693
9.914938|3.863211
9.914938|3.832715
7.616125|2.965492
7.616125|2.942929
9.705937|3.801566
9.705937|3.749071
4.318937|1.812280
4.318937|1.738183
6.664125|2.695080
6.664125|2.633631
9.427312|3.853513
9.427312|3.737826
6.130063|2.406129
6.130063|2.381835
5.363812|2.182629
5.363812|2.125429
7.685812|3.047102
7.685812|2.978583
8.405625|3.406079
8.405625|3.304418
7.941250|3.175834
7.941250|3.110093
7.244625|2.923804
7.244625|2.759995
4.760063|1.907959
4.760063|1.873004
8.173438|3.337857
8.173438|3.258620
8.080562|3.257762
8.080562|3.283663
5.549563|2.203308
5.549563|2.290613
5.038750|2.025058
5.038750|2.074898
6.733812|2.689075
6.733812|2.771102
4.644000|1.811118
4.644000|1.820970
4.202813|1.687722
4.202813|1.725543
3.413312|1.369992
3.413312|1.380928
5.363812|2.166755
5.363812|2.193210
6.222937|2.435881
6.222937|2.482133
4.690437|1.914435
4.690437|1.984102
4.922625|2.018890
4.922625|2.078224
5.921062|2.357401
5.921062|2.439064
3.552625|1.498707
3.552625|1.445633
7.291062|2.894881
7.291062|2.943450
4.957438|1.974497
4.957438|1.995745
4.609187|1.800267
4.609187|1.852981
4.272500|1.698297
4.272500|1.721205
4.075125|1.599390
4.075125|1.596734
8.312750|3.193396
8.312750|3.286517
10.100687|4.109272
10.100687|4.349276
8.684250|3.690411
8.684250|3.638935
10.054250|4.178611
10.054250|4.295705
9.055813|3.803031
9.055813|3.955963
9.380875|3.794053
9.380875|3.923996
8.475312|3.612973
8.475312|3.836247
6.315812|2.681723
6.315812|2.766355
6.315812|2.630337
6.315812|2.620960
7.244625|2.996736
7.244625|3.138237
4.411812|1.883890
4.411812|1.972375
6.199750|2.622840
6.199750|2.657656
6.176500|2.715885
6.176500|2.742466
8.707500|3.561276
8.707500|3.515934
9.613062|4.708590
9.613062|4.122922
4.318937|1.828432
4.318937|1.796865
5.131625|2.164058
5.131625|2.256379
6.757000|2.805116
6.757000|2.888982
5.410250|2.260851
5.410250|2.342191
4.574312|1.954628
4.574312|1.953795
7.662562|3.347469
7.662562|3.435088
7.314312|2.951104
7.314312|3.013181
7.407188|3.058190
7.407188|3.085405
7.616125|3.017012
7.616125|3.131905
7.894812|3.221624
4.667187|1.877310
7.894812|3.368357
4.667187|1.967515
9.264750|3.867410
9.264750|3.981654
8.753937|3.521201
8.753937|3.613122
9.311188|3.813412
9.311188|3.924786
8.939687|3.437849
8.939687|3.490528
6.524813|2.645121
5.247687|2.144075
6.524813|2.686281
5.247687|2.272669
7.941250|3.120650
5.340562|2.135366
7.941250|3.162550
4.783313|1.978257
5.340562|2.171970
4.783313|1.985046
8.730688|3.456900
4.551125|1.805898
8.730688|3.550304
4.551125|1.860247
7.662562|3.085629
5.642437|2.259121
7.662562|3.174841
5.642437|2.308404
7.964437|3.139589
6.571250|2.692345
7.964437|3.155444
6.571250|2.653236
7.778688|3.127206
7.778688|3.193576
7.337500|2.971105
7.337500|3.064465
7.825125|3.229554
5.572813|2.304735
7.825125|3.352677
5.572813|2.369569
8.196625|3.270157
7.546500|3.064114
8.196625|3.424453
4.667187|1.908718
7.546500|3.199667
5.735313|2.408033
4.667187|1.979962
6.849875|2.786184
5.735313|2.448775
6.362250|2.544219
6.849875|2.847227
5.015500|2.085133
3.622313|1.528123
6.362250|2.636637
3.808063|1.549118
5.015500|2.140408
5.387000|2.174965
3.622313|1.534069
3.390125|1.371825
3.808063|1.612691
5.387000|2.219670
9.346063|3.744398
3.390125|1.404307
5.851438|2.344177
9.346063|3.696135
5.851438|2.272292
9.659500|3.942031
7.395562|2.871601
9.659500|3.861344
4.423375|1.788959
3.692000|1.537386
7.395562|2.833918
4.423375|1.740556
8.544937|3.375311
3.692000|1.561445
6.780250|2.692058
8.544937|3.515059
7.256250|2.840064
6.780250|2.786724
6.907938|2.726868
7.256250|2.903663
6.907938|2.725706
10.576688|4.205424
7.906375|3.107193
10.576688|4.286431
4.632375|1.853363
7.906375|3.151518
7.859938|3.149421
4.632375|1.874654
8.428812|3.363449
7.859938|3.167404
6.304188|2.505184
8.428812|3.426954
8.753937|3.484458
6.304188|2.524659
5.642437|2.196333
8.753937|3.521849
8.742313|3.392948
5.642437|2.223894
8.881625|3.462015
8.742313|3.412792
4.156375|1.691341
8.881625|3.518746
7.500063|2.949000
4.156375|1.700441
8.521750|3.351902
7.500063|2.948261
5.398625|2.141711
8.521750|3.357173
6.037187|2.394187
4.771687|1.974838
5.398625|2.198635
6.037187|2.456608
7.209812|2.950973
4.771687|1.978460
6.269375|2.457772
7.209812|2.914511
7.128500|2.857119
6.269375|2.462830
7.418750|2.957326
7.128500|2.944218
8.417250|3.339614
7.418750|2.951350
5.166437|2.130114
8.417250|3.335414
8.301125|3.343445
5.166437|2.187125
7.360750|2.878991
8.301125|3.186448
6.803438|2.688105
7.360750|2.957812
8.417250|3.297534
6.803438|2.855879
6.722188|2.624754
8.417250|3.366138
5.897875|2.358995
6.722188|2.664143
6.966000|2.773633
5.897875|2.350346
8.092125|3.239350
6.966000|2.813268
5.050313|1.974221
3.575875|1.454682
8.092125|3.297952
6.211313|2.474218
5.050313|1.994423
5.688875|2.235906
3.575875|1.476303
4.922625|1.983217
6.211313|2.524528
5.688875|2.268323
7.627750|3.138003
4.922625|1.978903
7.825125|3.134288
7.627750|3.093991
4.620750|1.904767
6.002375|2.447083
7.825125|3.195967
4.620750|1.849436
7.941250|3.268761
6.002375|2.417831
5.619250|2.288674
7.941250|3.191415
6.664125|2.631604
5.166437|2.030034
5.619250|2.335318
6.664125|2.631524
8.022500|3.130952
5.166437|2.055837
7.082063|2.739402
8.022500|3.134495
6.431938|2.566601
7.082063|2.777796
7.383938|2.932624
6.431938|2.580975
8.498500|3.340705
7.383938|3.024907
7.453625|2.923034
8.498500|3.350221
11.006250|4.413785
7.453625|2.961050
6.339062|2.517680
11.006250|4.332653
7.627750|2.943498
4.945875|1.944794
6.339062|2.542507
6.606063|2.571234
7.627750|2.956990
4.945875|1.948467
9.160250|3.560879
6.606063|2.617957
4.539500|1.856796
8.521750|3.305719
9.160250|3.618544
4.539500|1.818275
4.934250|2.008714
8.521750|3.358486
8.695875|3.428934
4.934250|2.009123
6.350688|2.565926
8.695875|3.444813
7.325875|3.001776
6.350688|2.583252
5.897875|2.373657
4.760063|1.933017
7.325875|3.098733
5.050313|2.037127
5.897875|2.425681
7.058875|2.878126
4.760063|1.974489
5.050313|2.060962
7.790312|3.150768
7.058875|2.986284
8.637813|3.428736
7.790312|3.131116
5.700500|2.321685
5.572813|2.222090
8.637813|3.413350
7.035625|2.807488
5.700500|2.281641
4.098312|1.712245
5.572813|2.258187
7.592937|3.003111
7.035625|2.815254
4.098312|1.699802
7.430375|2.962692
7.592937|3.052336
7.546500|3.050713
3.692000|1.502535
7.430375|3.062558
5.201250|2.051696
7.546500|3.100024
8.568188|3.387376
3.692000|1.507722
5.201250|2.038343
8.092125|3.219975
5.526375|2.198382
8.568188|3.439611
6.826688|2.744506
8.092125|3.208864
7.430375|2.945059
5.526375|2.219308
6.501563|2.509493
6.826688|2.779287
5.874625|2.330478
7.430375|3.042621
6.362250|2.527361
6.501563|2.599987
7.012437|2.712138
5.874625|2.363124
7.871562|3.138591
6.362250|2.574076
5.967500|2.374037
7.012437|2.803236
7.500063|2.983232
7.871562|3.259963
4.040250|1.631270
5.967500|2.465673
5.874625|2.422251
7.500063|3.098304
6.919562|2.760534
4.040250|1.666557
5.781750|2.334868
5.874625|2.441765
4.644000|1.902998
6.919562|2.746923
7.291062|2.822685
5.781750|2.416820
7.871562|3.117891
4.644000|1.930849
7.291062|2.810684
7.871562|3.045134
4.899438|1.911552
